{"last_tab":"7","renev_display_preloader":"1","renev_display_cursor":"1","renev_cursor_border_color":"","renev_cursor_bg_color":"","logo":{"url":"https:\/\/wp.favdevs.net\/renev\/wp-content\/uploads\/2025\/04\/logo2.png","id":"33","height":"104","width":"280","thumbnail":"https:\/\/wp.favdevs.net\/renev\/wp-content\/uploads\/2025\/04\/logo2-150x104.png"},"white_logo":{"url":"https:\/\/wp.favdevs.net\/renev\/wp-content\/uploads\/2025\/04\/logo1.png","id":"32","height":"104","width":"280","thumbnail":"https:\/\/wp.favdevs.net\/renev\/wp-content\/uploads\/2025\/04\/logo1-150x104.png"},"renev_header_options":"2","renev_header_select_options":"3949","renev_site_logo":{"url":"https:\/\/wp.favdevs.net\/renev\/wp-content\/uploads\/2025\/04\/logo1.png","id":"32","height":"104","width":"280","thumbnail":"https:\/\/wp.favdevs.net\/renev\/wp-content\/uploads\/2025\/04\/logo1-150x104.png"},"renev_site_logo_dimensions":{"width":"","height":"","units":"px"},"renev_site_logomargin_dimensions":{"units":"px","margin-top":"","margin-bottom":""},"renev_text_title":"","renev_header_menu_color":"","renev_header_menu_hover_color":"","renev_header_submenu_color":"","renev_header_submenu_hover_color":"","renev_header_submenu_hover_bg_color":"","renev_blog_sidebar":"1","renev_blog_grid":"2","renev_blog_style":"blog_style_two","renev_blog_page_title_switcher":"1","renev_blog_page_title_setting":"predefine","renev_blog_page_custom_title":"","renev_blog_postExcerpt":"46","renev_blog_readmore_setting":"default","renev_blog_bg":{"background-color":"","background-repeat":"","background-size":"","background-attachment":"","background-position":"","background-image":"https:\/\/wp.favdevs.net\/renev\/wp-content\/uploads\/2025\/04\/h3.services-bg.png","media":{"id":"2326","height":"1302","width":"1440","thumbnail":"https:\/\/wp.favdevs.net\/renev\/wp-content\/uploads\/2025\/04\/h3.services-bg-150x150.png"}},"renev_blog_custom_readmore":"","renev_blog_title_color":"","renev_blog_title_hover_color":"","renev_blog_contant_color":"","renev_blog_read_more_button_color":"","renev_blog_read_more_button_hover_color":"","renev_blog_read_more_button_bg_color":"","renev_blog_read_more_button_hover_bg_color":"","renev_blog_pagination_color":"","renev_blog_pagination_active_color":"","renev_blog_pagination_bg_color":"","renev_blog_pagination_bg_active_color":"","renev_blog_single_sidebar":"3","renev_post_details_title_position":"header","renev_post_details_custom_title":"Blog Details","renev_post_details_share_options":"1","renev_post_details_related_post":"1","renev_blog_related_post_bg":{"background-color":"","background-repeat":"","background-size":"","background-attachment":"","background-position":"","background-image":"https:\/\/wp.favdevs.net\/renev\/wp-content\/uploads\/2025\/04\/related-post-shape.png","media":{"id":"5083","height":"1400","width":"438","thumbnail":"https:\/\/wp.favdevs.net\/renev\/wp-content\/uploads\/2025\/04\/related-post-shape-150x150.png"}},"renev_blog_meta_icon_color":"","renev_blog_meta_text_color":"","renev_blog_meta_text_hover_color":"","renev_display_post_date":"1","renev_display_post_author":"1","renev_display_post_category":"1","renev_display_post_tag":"1","renev_sidebar_bg_color":"","renev_sidebar_padding_margin_box_shadow_trigger":"","box-shadow":{"inset-shadow":{"checked":"","color":"#ABABAB","horizontal":"0","vertical":"0","blur":"10","spread":"0"},"drop-shadow":{"checked":"1","color":"#dddddd","horizontal":"5","vertical":"5","blur":"5","spread":"1"}},"renev_sidebar_widget_margin":{"units":"px","margin-top":"","margin-right":"","margin-bottom":"","margin-left":""},"renev_sidebar_widget_padding":{"units":"px","padding-top":"","padding-right":"","padding-bottom":"","padding-left":""},"renev_sidebar_widget_border":{"border-top":"","border-right":"","border-bottom":"","border-left":"","border-style":"solid","border-color":""},"renev_sidebar_widget_title_margin":{"units":"px","margin-top":"","margin-right":"","margin-bottom":"","margin-left":""},"renev_sidebar_widget_title_padding":{"units":"px","padding-top":"","padding-right":"","padding-bottom":"","padding-left":""},"renev_sidebar_widget_title_color":"","renev_sidebar_widget_text_color":"","renev_sidebar_widget_anchor_color":"","renev_sidebar_widget_anchor_hover_color":"","renev_page_sidebar":"1","renev_page_layoutopt":"1","renev_page_title_switcher":"1","renev_page_title_tag":"h1","renev_allHeader_title_color":"","renev_allHeader_bg":{"background-color":"#03060a","background-repeat":"","background-size":"","background-attachment":"","background-position":"","background-image":"https:\/\/wp.favdevs.net\/renev\/wp-content\/uploads\/2025\/04\/hero-bg1.png","media":{"id":"333","height":"1113","width":"1440","thumbnail":"https:\/\/wp.favdevs.net\/renev\/wp-content\/uploads\/2025\/04\/hero-bg1-150x150.png"}},"renev_enable_breadcrumb":"1","renev_breadcrumb_padding":{"units":"px","padding-top":"130px","padding-right":"","padding-bottom":"30px","padding-left":""},"renev_allHeader_breadcrumbtextcolor":"","renev_allHeader_dividercolor":"","renev_enable_breadcrumb_right_image":"1","renev_breadcrumb_main_image":{"url":"https:\/\/wp.favdevs.net\/renev\/wp-content\/uploads\/2025\/04\/hero-img1.png","id":"345","height":"330","width":"330","thumbnail":"https:\/\/wp.favdevs.net\/renev\/wp-content\/uploads\/2025\/04\/hero-img1-150x150.png"},"renev_breadcrumb_image_two":{"url":"https:\/\/wp.favdevs.net\/renev\/wp-content\/uploads\/2025\/04\/elements2.png","id":"344","height":"140","width":"140","thumbnail":"https:\/\/wp.favdevs.net\/renev\/wp-content\/uploads\/2025\/04\/elements2-100x100.png"},"renev_breadcrumb_image_three":{"url":"https:\/\/wp.favdevs.net\/renev\/wp-content\/uploads\/2025\/04\/arrow1.svg","id":"343","height":"37","width":"37","thumbnail":"https:\/\/wp.favdevs.net\/renev\/wp-content\/uploads\/2025\/04\/arrow1.svg"},"renev_breadcrumb_image_link":"https:\/\/wp.favdevs.net\/renev\/contact-us\/","renev_error_bg":{"background-color":"","background-repeat":"","background-size":"","background-attachment":"","background-position":"","background-image":"","media":{"id":"","height":"","width":"","thumbnail":""}},"renev_fof_text_color":"","renev_footer_builder_trigger":"footer_builder","renev_footer_builder_select":"11","renev_disable_footer_bottom":"1","renev_footer_bottom_background":"","renev_copyright_text":"Copyright <i class=\"fas fa-copyright\"><\/i> 2025 <a  href=\"#\">Renev.<\/a> All afa Rights Reserved by <a  href=\"#\">Mthemeus<\/a>","renev_footer_copyright_color":"","renev_footer_copyright_acolor":"","renev_footer_copyright_a_hover_color":"","renev_display_back_to_top":"1","renev_scroll_icon_color":"","renev_scroll_icon_border_color":"","renev_gallery_image_widget":[{"title":"","url":"","sort":"0","attachment_id":"","image":"","height":"","width":"","thumb":""}],"renev_css_editor":"","customize-selected-changeset-status-control-input-44":"publish","screenoptionnonce":"7235a1d27a","_customize-radio-show_on_front":"page","_customize-dropdown-pages-page_on_front":"48","_customize-dropdown-pages-page_for_posts":"127","cei-import":"ea333f6d57","_wp_http_referer":"\/renev\/wp-admin\/customize.php?url=https%3A%2F%2Fwp.favdevs.net%2Frenev%2F","redux-backup":1}